series_idx,window_start,window_end,anchor_index,curv_pred,curv_real,left_radius_pred,right_radius_pred,left_radius_real,right_radius_real,side_pred,side_real,iid_avg_window,sonar_distance_last
0,0,4,4,0.0,-0.00039999998989515007,2500.0,2500.0,850.0,2500.0,straight_open,right,-2.305548906326294,1.4451119899749756
1,1,5,5,0.0,-0.00039999998989515007,2500.0,2500.0,900.0,2500.0,straight_open,right,-3.7879059314727783,2.06353759765625
2,2,6,6,0.0,-0.0005714285653084517,2500.0,2500.0,1050.0,1750.0,straight_open,right,-4.014642238616943,2.0816116333007812
3,3,7,7,0.0,-0.0006451613153330982,2500.0,2500.0,1000.0,1550.0,straight_open,right,-3.2365283966064453,1.8807742595672607
4,4,8,8,0.0,-0.0007142857066355646,2500.0,2500.0,1000.0,1400.0,straight_open,right,-2.8786654472351074,1.6994974613189697
5,5,9,9,0.0,-0.0008333333535119891,2500.0,2500.0,900.0,1200.0,straight_open,right,-2.2566537857055664,1.4998723268508911
6,6,10,10,0.0010526315309107304,-0.0010000000474974513,950.0,800.0,750.0,1000.0,left,right,-1.0106799602508545,1.3168601989746094
7,7,11,11,0.0015384615398943424,-0.001176470541395247,650.0,650.0,650.0,850.0,left,right,-1.2636995315551758,1.0996994972229004
8,8,12,12,-0.0020000000949949026,-0.0015384615398943424,500.0,500.0,500.0,650.0,right,right,-1.1135828495025635,0.900000274181366
9,9,13,13,-0.0020000000949949026,-0.0015384615398943424,350.0,500.0,350.0,650.0,right,right,-0.4593687951564789,0.7363008856773376
10,10,14,14,0.0033333334140479565,0.0028571428265422583,300.0,250.0,350.0,400.0,left,left,-0.22560985386371613,0.6272302269935608
11,11,15,15,0.0028571428265422583,0.0024999999441206455,350.0,nan,400.0,nan,left,left,-0.28053393959999084,0.5180224180221558
12,12,16,16,0.002222222276031971,0.0024999999441206455,450.0,nan,400.0,nan,left,left,0.7677782773971558,0.44527941942214966
13,13,17,17,0.0024999999441206455,0.001818181830458343,400.0,nan,550.0,nan,left,left,1.4822776317596436,0.46342670917510986
14,14,18,18,0.0016666667070239782,0.0010526315309107304,600.0,nan,950.0,nan,left,left,2.2781057357788086,0.5363948345184326
15,15,19,19,0.0010000000474974513,0.0008333333535119891,1000.0,nan,1200.0,nan,left,left,3.473154067993164,0.5179675817489624
16,16,20,20,0.00039999998989515007,0.000606060610152781,2500.0,nan,1650.0,250.0,left,left,4.336295127868652,0.6449687480926514
17,17,21,21,0.00039999998989515007,0.00039999998989515007,2500.0,300.0,2500.0,500.0,left,left,4.178872108459473,0.7540467381477356
18,18,22,22,0.00039999998989515007,0.00039999998989515007,2500.0,500.0,2500.0,650.0,left,left,4.592679977416992,1.3172664642333984
19,19,23,23,0.00039999998989515007,0.00039999998989515007,2500.0,500.0,2500.0,600.0,left,left,5.048239231109619,1.2641901969909668
20,20,24,24,0.00039999998989515007,0.00039999998989515007,2500.0,450.0,2500.0,550.0,left,left,5.041970252990723,1.118393898010254
21,21,25,25,0.00039999998989515007,0.000606060610152781,2500.0,300.0,1650.0,450.0,left,left,5.866553783416748,1.0269967317581177
22,22,26,26,0.0005128204938955605,0.0006896551931276917,1950.0,250.0,1450.0,400.0,left,left,6.950350761413574,0.9000934958457947
23,23,27,27,0.00039999998989515007,0.0006249999860301614,2500.0,300.0,1600.0,400.0,left,left,7.686470031738281,0.8636397123336792
24,24,28,28,0.00039999998989515007,0.0005263157654553652,2500.0,350.0,1900.0,400.0,left,left,7.427874565124512,0.9546397924423218
25,25,29,29,0.00039999998989515007,0.0005714285653084517,2500.0,400.0,1750.0,550.0,left,left,6.912896633148193,1.318620204925537
26,26,30,30,0.00039999998989515007,0.00074074073927477,2500.0,350.0,1350.0,500.0,left,left,6.404763698577881,1.1547024250030518
27,27,31,31,0.0010000000474974513,0.0009090909152291715,1000.0,350.0,1100.0,500.0,left,left,5.337041854858398,1.1360509395599365
28,28,32,32,0.0013333333190530539,0.001176470541395247,750.0,550.0,850.0,500.0,left,left,4.164200782775879,1.136577844619751
29,29,33,33,0.0016666667070239782,0.0015384615398943424,600.0,400.0,650.0,550.0,left,left,3.4989261627197266,0.9544916749000549
30,30,34,34,0.001818181830458343,0.001818181830458343,550.0,300.0,550.0,400.0,left,left,3.929135799407959,0.5002199411392212
31,31,35,35,0.0014285714132711291,0.001176470541395247,700.0,300.0,850.0,350.0,left,left,3.2493953704833984,0.40884751081466675
32,32,36,36,0.0009523809421807528,0.0007142857066355646,1050.0,300.0,1400.0,300.0,left,left,4.0170440673828125,0.718422532081604
33,33,37,37,0.0005263157654553652,0.0005405405536293983,1900.0,250.0,1850.0,300.0,left,left,5.373445987701416,0.7721346020698547
34,34,38,38,0.00039999998989515007,0.00039999998989515007,2500.0,300.0,2500.0,350.0,left,left,6.733198642730713,0.8458106517791748
35,35,39,39,0.00039999998989515007,0.00039999998989515007,2500.0,300.0,2500.0,400.0,left,left,6.250028133392334,0.4635502099990845
36,36,40,40,0.00039999998989515007,0.00039999998989515007,2500.0,500.0,2500.0,700.0,left,left,6.174825668334961,1.60812509059906
37,37,41,41,0.00039999998989515007,0.00039999998989515007,2500.0,600.0,2500.0,700.0,left,left,6.5911149978637695,2.045253038406372
38,38,42,42,0.00039999998989515007,0.0006451613153330982,2500.0,550.0,1550.0,700.0,left,left,6.155613899230957,1.4448156356811523
39,39,43,43,0.00039999998989515007,0.00074074073927477,2500.0,600.0,1350.0,700.0,left,left,5.3774590492248535,1.3722647428512573
40,40,44,44,-0.00039999998989515007,-0.0007142857066355646,850.0,2500.0,900.0,1400.0,right,right,6.017306804656982,0.46332797408103943
41,41,45,45,-0.0010000000474974513,-0.0010000000474974513,500.0,1000.0,600.0,1000.0,right,right,4.146721839904785,0.9182755947113037
42,42,46,46,-0.0010526315309107304,-0.0011111111380159855,350.0,950.0,400.0,900.0,right,right,1.4534074068069458,0.8820943832397461
43,43,47,47,-0.0007692307699471712,-0.0011111111380159855,300.0,1300.0,350.0,900.0,right,right,-0.9426628947257996,0.8085938692092896
44,44,48,48,-0.0007692307699471712,-0.0010000000474974513,300.0,1300.0,350.0,1000.0,right,right,-2.908290386199951,0.8818656206130981
45,45,49,49,-0.0010526315309107304,-0.0010000000474974513,350.0,950.0,450.0,1000.0,right,right,-5.259396553039551,0.990184485912323
46,46,50,50,-0.0010526315309107304,-0.0011111111380159855,350.0,950.0,400.0,900.0,right,right,-4.701103210449219,0.8813167810440063
47,47,51,51,-0.001176470541395247,-0.0010000000474974513,350.0,850.0,400.0,1000.0,right,right,-4.634449005126953,0.8270640969276428
48,48,52,52,-0.0008695652359165251,-0.000606060610152781,350.0,1150.0,300.0,1650.0,right,right,-2.86336088180542,0.5727553367614746
49,49,53,53,-0.001818181830458343,-0.001818181830458343,250.0,550.0,250.0,550.0,right,right,-2.3826358318328857,0.6092439293861389
50,50,54,54,-0.0015384615398943424,-0.0008695652359165251,250.0,650.0,nan,1150.0,right,right,-1.6258331537246704,0.5909667015075684
51,51,55,55,-0.0009523809421807528,-0.00039999998989515007,250.0,1050.0,nan,2500.0,right,right,0.2380312979221344,0.3544192314147949
52,52,56,56,-0.0024999999441206455,-0.0015384615398943424,nan,400.0,nan,650.0,right,right,0.20847778022289276,0.4272674024105072
53,53,57,57,-0.0020000000949949026,-0.00039999998989515007,nan,500.0,nan,2500.0,right,right,-1.1977832317352295,0.44556480646133423
54,54,58,58,-0.0005714285653084517,-0.00039999998989515007,nan,1750.0,nan,2500.0,right,right,-2.3616206645965576,0.4637971818447113
55,55,59,59,-0.00039999998989515007,-0.00039999998989515007,nan,2500.0,700.0,2500.0,right,right,-3.982334852218628,2.39017391204834
56,56,60,60,-0.00039999998989515007,-0.00039999998989515007,nan,2500.0,1000.0,2500.0,right,right,-6.277771472930908,2.2267062664031982
57,57,61,61,0.0,-0.00039999998989515007,2500.0,2500.0,1050.0,2500.0,straight_open,right,-6.746543884277344,2.045253038406372
58,58,62,62,0.0,-0.0005263157654553652,2500.0,2500.0,1000.0,1900.0,straight_open,right,-7.191754341125488,1.8993334770202637
59,59,63,63,0.0,-0.000606060610152781,2500.0,2500.0,950.0,1650.0,straight_open,right,-6.099287986755371,1.7360265254974365
60,60,64,64,-0.00039999998989515007,-0.0006666666595265269,950.0,2500.0,850.0,1500.0,right,right,-4.702946662902832,1.5357589721679688
61,61,65,65,-0.00074074073927477,-0.0007692307699471712,800.0,1350.0,750.0,1300.0,right,right,-3.9952285289764404,1.3361893892288208
62,62,66,66,-0.0011111111380159855,-0.0008695652359165251,650.0,900.0,650.0,1150.0,right,right,-3.651228666305542,1.1360509395599365
63,63,67,67,-0.0013333333190530539,-0.0010526315309107304,500.0,750.0,500.0,950.0,right,right,-3.1390960216522217,0.9179902672767639
64,64,68,68,-0.001176470541395247,-0.0009090909152291715,350.0,850.0,350.0,1100.0,right,right,-3.4360415935516357,0.7905892729759216
65,65,69,69,-0.0007142857066355646,-0.0006249999860301614,300.0,1400.0,350.0,1600.0,right,right,-4.229859352111816,0.7364161610603333
66,66,70,70,-0.00039999998989515007,-0.0005555555690079927,250.0,2500.0,300.0,1800.0,right,right,-4.862832069396973,0.7365698218345642
67,67,71,71,-0.00039999998989515007,-0.0005263157654553652,350.0,2500.0,400.0,1900.0,right,right,-4.5514373779296875,0.9727213382720947
68,68,72,72,-0.00039999998989515007,-0.0005128204938955605,350.0,2500.0,500.0,1950.0,right,right,-4.827889442443848,1.080910086631775
69,69,73,73,-0.00039999998989515007,-0.0005882352706976235,400.0,2500.0,550.0,1700.0,right,right,-5.737727165222168,1.1906393766403198
70,70,74,74,-0.0004081632650922984,-0.0006666666595265269,450.0,2450.0,550.0,1500.0,right,right,-5.908095359802246,1.2624366283416748
71,71,75,75,-0.0009523809421807528,-0.0007692307699471712,500.0,1050.0,500.0,1300.0,right,right,-6.186993598937988,0.9911576509475708
72,72,76,76,-0.0008333333535119891,-0.0007142857066355646,400.0,1200.0,450.0,1400.0,right,right,-7.267599582672119,0.918418288230896
73,73,77,77,-0.0008695652359165251,-0.0006451613153330982,400.0,1150.0,400.0,1550.0,right,right,-7.762420654296875,0.844932496547699
74,74,78,78,-0.000606060610152781,-0.0005405405536293983,350.0,1650.0,400.0,1850.0,right,right,-6.731738090515137,0.8456349968910217
75,75,79,79,-0.00039999998989515007,-0.00039999998989515007,400.0,2500.0,450.0,2500.0,right,right,-7.080784797668457,0.9719666838645935
76,76,80,80,-0.00039999998989515007,-0.0005128204938955605,450.0,2500.0,500.0,1950.0,right,right,-7.028840065002441,1.1542266607284546
77,77,81,81,-0.00039999998989515007,-0.0005882352706976235,350.0,2500.0,450.0,1700.0,right,right,-6.927274227142334,1.0091339349746704
78,78,82,82,-0.00039999998989515007,-0.0006666666595265269,350.0,2500.0,450.0,1500.0,right,right,-4.966640472412109,0.5546042919158936
79,79,83,83,-0.0005714285653084517,-0.0009090909152291715,250.0,1750.0,350.0,1100.0,right,right,-5.709043025970459,0.7905892729759216
80,80,84,84,-0.00039999998989515007,-0.0008333333535119891,350.0,2500.0,350.0,1200.0,right,right,-4.706543445587158,0.7904245853424072
81,81,85,85,-0.00039999998989515007,-0.0007142857066355646,400.0,2500.0,400.0,1400.0,right,right,-2.158313751220703,0.518132209777832
82,82,86,86,-0.0006666666595265269,-0.0010526315309107304,250.0,1500.0,300.0,950.0,right,right,-1.3128453493118286,0.7542433738708496
83,83,87,87,-0.0008695652359165251,-0.0009523809421807528,300.0,1150.0,350.0,1050.0,right,right,-1.400758981704712,0.3728125989437103
84,84,88,88,-0.0014285714132711291,-0.0013333333190530539,300.0,700.0,250.0,750.0,right,right,0.5872828364372253,0.3180403411388397
85,85,89,89,-0.0028571428265422583,-0.0024999999441206455,nan,350.0,250.0,400.0,right,right,1.169811725616455,0.5002995133399963
86,86,90,90,-0.002222222276031971,-0.0016666667070239782,nan,450.0,nan,600.0,right,right,-0.6847336888313293,0.44544583559036255
87,87,91,91,-0.0016666667070239782,-0.0013333333190530539,nan,600.0,nan,750.0,right,right,-1.3804223537445068,0.46342670917510986
88,88,92,92,-0.0009090909152291715,-0.0008333333535119891,nan,1100.0,nan,1200.0,right,right,-3.317981719970703,0.5181047916412354
89,89,93,93,-0.0006451613153330982,-0.0005000000237487257,nan,1550.0,350.0,2000.0,right,right,-4.960019111633301,0.8268921971321106
90,90,94,94,-0.00039999998989515007,-0.00039999998989515007,300.0,2500.0,450.0,2500.0,right,right,-5.108190059661865,0.5546042919158936
91,91,95,95,-0.00039999998989515007,-0.00039999998989515007,450.0,2500.0,550.0,2500.0,right,right,-5.796760559082031,1.2454253435134888
92,92,96,96,-0.00039999998989515007,-0.00039999998989515007,450.0,2500.0,500.0,2500.0,right,right,-5.318121433258057,1.1186821460723877
93,93,97,97,-0.00039999998989515007,-0.00039999998989515007,350.0,2500.0,500.0,2500.0,right,right,-5.155279159545898,1.0631287097930908
94,94,98,98,-0.00039999998989515007,-0.00039999998989515007,550.0,2500.0,550.0,2500.0,right,right,-4.677487850189209,1.153869867324829
95,95,99,99,0.0,-0.0005128204938955605,2500.0,2500.0,650.0,1950.0,straight_open,right,-5.153457164764404,1.227371335029602
96,96,100,100,0.0,-0.0005882352706976235,2500.0,2500.0,700.0,1700.0,straight_open,right,-5.464624881744385,1.8818308115005493
97,97,101,101,0.0,-0.0005714285653084517,2500.0,2500.0,900.0,1750.0,straight_open,right,-5.055751800537109,1.6275439262390137
98,98,102,102,0.0,-0.0007692307699471712,2500.0,2500.0,800.0,1300.0,straight_open,right,-4.911914825439453,1.572428822517395
99,99,103,103,-0.0006896551931276917,-0.0008695652359165251,900.0,1450.0,750.0,1150.0,right,right,-5.1726579666137695,1.3356406688690186
100,100,104,104,-0.0010526315309107304,-0.0009523809421807528,700.0,950.0,700.0,1050.0,right,right,-4.669851303100586,1.1908233165740967
101,101,105,105,-0.0012499999720603228,-0.001176470541395247,550.0,800.0,550.0,850.0,right,right,-3.4933063983917236,1.0088733434677124
102,102,106,106,-0.0016666667070239782,-0.0015384615398943424,350.0,600.0,400.0,650.0,right,right,-3.1902475357055664,0.8276230692863464
103,103,107,107,-0.0014285714132711291,-0.0012499999720603228,250.0,700.0,300.0,800.0,right,right,-2.4106578826904297,0.7359167337417603
104,104,108,108,-0.0011111111380159855,-0.0008695652359165251,250.0,900.0,300.0,1150.0,right,right,-2.214698314666748,0.7000538110733032
105,105,109,109,-0.0005263157654553652,-0.0004761904710903764,250.0,1900.0,250.0,2100.0,right,right,-2.629892587661743,0.7366466522216797
106,106,110,110,-0.00039999998989515007,-0.00039999998989515007,300.0,2500.0,300.0,2500.0,right,right,-3.386366367340088,0.8089726567268372
107,107,111,111,-0.00039999998989515007,-0.00039999998989515007,350.0,2500.0,450.0,2500.0,right,right,-4.252354145050049,0.97211754322052
108,108,112,112,-0.00039999998989515007,-0.00039999998989515007,550.0,2500.0,700.0,2500.0,right,right,-5.612360000610352,2.0821421146392822
109,109,113,113,-0.00039999998989515007,-0.00039999998989515007,550.0,2500.0,800.0,2500.0,right,right,-5.593132019042969,1.6456438302993774
110,110,114,114,0.0,-0.00039999998989515007,2500.0,2500.0,850.0,2500.0,straight_open,right,-6.463010311126709,1.7356715202331543
111,111,115,115,0.0010526315309107304,0.0007692307699471712,950.0,550.0,1300.0,550.0,left,left,-3.7578938007354736,0.8633707761764526
112,112,116,116,0.0009523809421807528,0.0007692307699471712,1050.0,400.0,1300.0,350.0,left,left,-1.1166465282440186,0.844932496547699
113,113,117,117,0.0006666666595265269,0.0007692307699471712,1500.0,400.0,1300.0,400.0,left,left,2.1192057132720947,0.9364091753959656
114,114,118,118,0.0007692307699471712,0.0007692307699471712,1300.0,350.0,1300.0,400.0,left,left,3.690822124481201,0.699651300907135
115,115,119,119,0.0007142857066355646,0.0007999999797903001,1400.0,350.0,1250.0,450.0,left,left,6.847893714904785,0.9906453490257263
116,116,120,120,0.0012499999720603228,0.0009523809421807528,800.0,400.0,1050.0,450.0,left,left,6.316060543060303,0.9731237888336182
117,117,121,121,0.0013333333190530539,0.0010526315309107304,750.0,450.0,950.0,450.0,left,left,6.162472724914551,0.9909015893936157
118,118,122,122,0.0015384615398943424,0.001176470541395247,650.0,400.0,850.0,400.0,left,left,5.252377510070801,0.4273588955402374
119,119,123,123,0.0008695652359165251,0.0006896551931276917,1150.0,350.0,1450.0,400.0,left,left,4.972672462463379,0.8631465435028076
120,120,124,124,0.0006896551931276917,0.00039999998989515007,1450.0,250.0,2500.0,300.0,left,left,3.9566593170166016,0.80905681848526
121,121,125,125,0.00039999998989515007,0.00039999998989515007,2500.0,250.0,2500.0,300.0,left,left,4.58797550201416,0.8092250823974609
122,122,126,126,0.00039999998989515007,0.00039999998989515007,2500.0,300.0,2500.0,400.0,left,left,4.265933036804199,0.9361183047294617
123,123,127,127,0.00039999998989515007,0.00039999998989515007,2500.0,350.0,2500.0,500.0,left,left,4.175681114196777,1.099926471710205
124,124,128,128,0.00039999998989515007,0.0005882352706976235,2500.0,300.0,1700.0,550.0,left,left,4.593771934509277,1.3910815715789795
125,125,129,129,-0.00039999998989515007,-0.0007692307699471712,750.0,2500.0,800.0,1300.0,right,right,3.1045010089874268,1.0811890363693237
126,126,130,130,-0.0006896551931276917,-0.0007999999797903001,550.0,1450.0,550.0,1250.0,right,right,0.4383903443813324,0.9363123178482056
127,127,131,131,-0.0010000000474974513,-0.0008333333535119891,450.0,1000.0,500.0,1200.0,right,right,-2.0016486644744873,0.9903892874717712
128,128,132,132,-0.0010526315309107304,-0.0009523809421807528,400.0,950.0,450.0,1050.0,right,right,-3.2719855308532715,0.9363123178482056
129,129,133,133,-0.0010000000474974513,-0.0009090909152291715,350.0,1000.0,400.0,1100.0,right,right,-5.348965167999268,0.8269781470298767
130,130,134,134,-0.0009523809421807528,-0.0007999999797903001,300.0,1050.0,350.0,1250.0,right,right,-5.976054668426514,0.7909597158432007
131,131,135,135,-0.0006249999860301614,-0.0005405405536293983,350.0,1600.0,400.0,1850.0,right,right,-6.325239658355713,0.8456789255142212
132,132,136,136,-0.00039999998989515007,-0.00039999998989515007,350.0,2500.0,400.0,2500.0,right,right,-6.544788360595703,0.8451520204544067
133,133,137,137,-0.00039999998989515007,-0.00039999998989515007,350.0,2500.0,450.0,2500.0,right,right,-6.739317893981934,0.9362637400627136
134,134,138,138,-0.00039999998989515007,-0.00039999998989515007,400.0,2500.0,500.0,2500.0,right,right,-6.428994178771973,1.171678066253662
135,135,139,139,-0.00039999998989515007,-0.00039999998989515007,350.0,2500.0,550.0,2500.0,right,right,-5.799899101257324,1.1731268167495728
136,136,140,140,-0.00039999998989515007,-0.0005263157654553652,550.0,2500.0,550.0,1900.0,right,right,-5.087002277374268,0.9359244704246521
137,137,141,141,0.0,-0.00039999998989515007,2500.0,2500.0,750.0,2500.0,straight_open,right,-3.9772439002990723,1.4989502429962158
138,138,142,142,-0.00039999998989515007,-0.0005882352706976235,1000.0,2500.0,750.0,1700.0,right,right,-4.31404447555542,1.4082527160644531
139,139,143,143,-0.00039999998989515007,-0.0006666666595265269,800.0,2500.0,700.0,1500.0,right,right,-4.76507568359375,1.3731098175048828
140,140,144,144,-0.0005714285653084517,-0.0007692307699471712,650.0,1750.0,650.0,1300.0,right,right,-5.069855690002441,1.191068410873413
141,141,145,145,-0.0009090909152291715,-0.0008695652359165251,550.0,1100.0,500.0,1150.0,right,right,-5.469220161437988,1.0447946786880493
142,142,146,146,-0.0010526315309107304,-0.0008695652359165251,450.0,950.0,450.0,1150.0,right,right,-6.047872543334961,0.8633707761764526
143,143,147,147,-0.0010526315309107304,-0.0008333333535119891,350.0,950.0,350.0,1200.0,right,right,-6.188054084777832,0.8085518479347229
144,144,148,148,-0.0006896551931276917,-0.000606060610152781,300.0,1450.0,350.0,1650.0,right,right,-7.006471157073975,0.8448886275291443
145,145,149,149,-0.00039999998989515007,-0.0005000000237487257,300.0,2500.0,350.0,2000.0,right,right,-7.3802690505981445,0.8267631530761719
146,146,150,150,-0.00039999998989515007,-0.0005128204938955605,350.0,2500.0,450.0,1950.0,right,right,-7.531321048736572,0.8638637661933899
147,147,151,151,-0.00039999998989515007,-0.0005555555690079927,450.0,2500.0,550.0,1800.0,right,right,-7.713675498962402,1.7187269926071167
148,148,152,152,-0.00039999998989515007,-0.0006451613153330982,450.0,2500.0,550.0,1550.0,right,right,-8.22337818145752,1.5715433359146118
149,149,153,153,0.0,-0.0007142857066355646,2500.0,2500.0,600.0,1400.0,straight_open,right,-6.9972333908081055,1.4628385305404663
150,150,154,154,-0.0006451613153330982,-0.0008333333535119891,850.0,1550.0,600.0,1200.0,right,right,-5.964951515197754,1.2638005018234253
151,151,155,155,-0.0010000000474974513,-0.0010526315309107304,650.0,1000.0,550.0,950.0,right,right,-5.496991157531738,1.1000398397445679
152,152,156,156,-0.0012499999720603228,-0.0013333333190530539,450.0,800.0,500.0,750.0,right,right,-4.717121124267578,0.9727213382720947
153,153,157,157,-0.001176470541395247,-0.001176470541395247,400.0,850.0,400.0,850.0,right,right,-3.557994842529297,0.7727383375167847
154,154,158,158,-0.0007999999797903001,-0.0006896551931276917,350.0,1250.0,300.0,1450.0,right,right,-3.7433128356933594,0.7182725071907043
155,155,159,159,-0.00039999998989515007,-0.00039999998989515007,300.0,2500.0,250.0,2500.0,right,right,-4.922084331512451,0.699651300907135
156,156,160,160,-0.00039999998989515007,-0.00039999998989515007,350.0,2500.0,350.0,2500.0,right,right,-5.279953479766846,0.8273651003837585
157,157,161,161,-0.00039999998989515007,-0.00039999998989515007,550.0,2500.0,650.0,2500.0,right,right,-5.4218645095825195,1.2451051473617554
158,158,162,162,-0.00039999998989515007,-0.00039999998989515007,650.0,2500.0,900.0,2500.0,right,right,-6.595761775970459,2.1370205879211426
159,159,163,163,0.0,-0.0005405405536293983,2500.0,2500.0,1000.0,1850.0,straight_open,right,-6.776902198791504,1.989699363708496
160,160,164,164,0.0010526315309107304,0.0007692307699471712,950.0,550.0,1300.0,550.0,left,left,-3.7453460693359375,0.8084676861763
161,161,165,165,0.0009523809421807528,0.0008695652359165251,1050.0,450.0,1150.0,400.0,left,left,-0.6728242635726929,0.9367971420288086
162,162,166,166,0.0010000000474974513,0.0010000000474974513,1000.0,350.0,1000.0,400.0,left,left,1.413875937461853,1.0086647272109985
163,163,167,167,0.0013333333190530539,0.0013333333190530539,750.0,300.0,750.0,350.0,left,left,4.2777886390686035,0.8456349968910217
164,164,168,168,0.0013333333190530539,0.0013333333190530539,750.0,250.0,750.0,400.0,left,left,6.220794200897217,0.5906867980957031
165,165,169,169,0.0012499999720603228,0.0010000000474974513,800.0,350.0,1000.0,350.0,left,left,5.641223907470703,0.8639982342720032
166,166,170,170,0.0011111111380159855,0.0009090909152291715,900.0,300.0,1100.0,300.0,left,left,4.439835071563721,0.7547940611839294
167,167,171,171,0.00074074073927477,0.0006896551931276917,1350.0,300.0,1450.0,300.0,left,left,4.977255821228027,0.7364161610603333
168,168,172,172,0.00039999998989515007,0.0005000000237487257,2500.0,300.0,2000.0,300.0,left,left,5.35225772857666,0.8456789255142212
169,169,173,173,0.00039999998989515007,0.00039999998989515007,2500.0,250.0,2500.0,350.0,left,left,6.120070934295654,0.8813625574111938
170,170,174,174,-0.0011111111380159855,-0.0011111111380159855,600.0,900.0,550.0,900.0,right,right,5.056771278381348,0.973073422908783
171,171,175,175,-0.0011111111380159855,-0.0011111111380159855,400.0,900.0,400.0,900.0,right,right,4.692152500152588,0.35434237122535706
172,172,176,176,-0.002222222276031971,-0.002222222276031971,400.0,450.0,350.0,450.0,right,right,1.9183342456817627,0.6816585659980774
173,173,177,177,-0.002222222276031971,-0.0016666667070239782,300.0,450.0,300.0,600.0,right,right,0.40735921263694763,0.6636914014816284
174,174,178,178,-0.001818181830458343,-0.0012499999720603228,250.0,550.0,250.0,800.0,right,right,-1.9103176593780518,0.5910289287567139
175,175,179,179,-0.0010000000474974513,-0.00043478261795826256,nan,1000.0,nan,2300.0,right,right,-2.218914031982422,0.5724534392356873
176,176,180,180,-0.00039999998989515007,-0.00039999998989515007,nan,2500.0,250.0,2500.0,right,right,-3.50236439704895,0.6637957096099854
177,177,181,181,-0.00039999998989515007,-0.00039999998989515007,nan,2500.0,300.0,2500.0,right,right,-3.44377064704895,0.9182755947113037
178,178,182,182,0.0,-0.00039999998989515007,2500.0,2500.0,1150.0,2500.0,straight_open,right,-4.599883079528809,2.573500633239746
179,179,183,183,0.0,-0.00039999998989515007,2500.0,2500.0,1200.0,2500.0,straight_open,right,-4.585953712463379,2.4083497524261475
180,180,184,184,0.0,-0.00039999998989515007,2500.0,2500.0,1250.0,2500.0,straight_open,right,-4.878670692443848,2.2272732257843018
181,181,185,185,0.0,-0.0005263157654553652,2500.0,2500.0,1150.0,1900.0,straight_open,right,-4.728975772857666,2.0625908374786377
182,182,186,186,0.0008695652359165251,0.0008695652359165251,1150.0,550.0,1150.0,600.0,left,left,-2.659191846847534,0.8998136520385742
183,183,187,187,0.0009090909152291715,0.0009090909152291715,1100.0,400.0,1100.0,400.0,left,left,0.5286377668380737,0.8452838063240051
184,184,188,188,0.0011111111380159855,0.0009523809421807528,900.0,400.0,1050.0,400.0,left,left,1.8286148309707642,0.4635502099990845
185,185,189,189,0.001176470541395247,0.0009090909152291715,850.0,450.0,1100.0,550.0,left,left,3.8660125732421875,1.0993592739105225
186,186,190,190,0.0016666667070239782,0.0012499999720603228,600.0,400.0,800.0,450.0,left,left,5.345621109008789,0.935827374458313
187,187,191,191,0.0020000000949949026,0.0013333333190530539,500.0,300.0,750.0,350.0,left,left,4.644033908843994,0.8085518479347229
188,188,192,192,0.0016666667070239782,0.001176470541395247,600.0,250.0,850.0,300.0,left,left,3.5073025226593018,0.7179725170135498
189,189,193,193,0.0010526315309107304,0.00074074073927477,950.0,250.0,1350.0,300.0,left,left,4.607637882232666,0.6813731789588928
190,190,194,194,0.00074074073927477,0.0006249999860301614,1350.0,nan,1600.0,250.0,left,left,5.0900678634643555,0.7183474898338318
191,191,195,195,0.00039999998989515007,0.00039999998989515007,2500.0,nan,2500.0,300.0,left,left,6.295778751373291,0.790795087814331
192,192,196,196,0.00039999998989515007,0.00039999998989515007,2500.0,250.0,2500.0,350.0,left,left,7.268185615539551,0.7366082668304443
193,193,197,197,0.00039999998989515007,0.00039999998989515007,2500.0,350.0,2500.0,600.0,left,left,7.217926979064941,1.537017822265625
194,194,198,198,0.00039999998989515007,0.0005555555690079927,2500.0,400.0,1800.0,550.0,left,left,6.697195529937744,1.245617389678955
195,195,199,199,0.00039999998989515007,0.0006666666595265269,2500.0,400.0,1500.0,500.0,left,left,6.781725883483887,1.1548807621002197
196,196,200,200,0.00039999998989515007,0.0007692307699471712,2500.0,300.0,1300.0,500.0,left,left,6.343559741973877,1.0087168216705322
197,197,201,201,0.001176470541395247,0.0009523809421807528,850.0,350.0,1050.0,450.0,left,left,5.921374320983887,0.9904917478561401
198,198,202,202,0.0012499999720603228,0.0010000000474974513,800.0,300.0,1000.0,400.0,left,left,7.058663368225098,0.8820943832397461
199,199,203,203,0.0011111111380159855,0.0009090909152291715,900.0,350.0,1100.0,400.0,left,left,6.4877777099609375,0.33628374338150024
200,200,204,204,0.0006249999860301614,0.0006451613153330982,1600.0,450.0,1550.0,500.0,left,left,6.27554988861084,1.0814682245254517
201,201,205,205,-0.00039999998989515007,-0.0005405405536293983,550.0,2500.0,700.0,1850.0,right,right,3.029120445251465,0.8996736407279968
202,202,206,206,-0.00039999998989515007,-0.00041666667675599456,450.0,2500.0,500.0,2400.0,right,right,0.8792749643325806,0.936215341091156
203,203,207,207,-0.00039999998989515007,-0.0005555555690079927,450.0,2500.0,450.0,1800.0,right,right,-2.668635845184326,0.9546397924423218
204,204,208,208,-0.00039999998989515007,-0.000606060610152781,450.0,2500.0,500.0,1650.0,right,right,-4.793307304382324,1.3183494806289673
205,205,209,209,-0.00039999998989515007,-0.0006896551931276917,450.0,2500.0,500.0,1450.0,right,right,-5.639565944671631,0.4273588955402374
206,206,210,210,-0.00045454545761458576,-0.0010000000474974513,350.0,2200.0,350.0,1000.0,right,right,-5.588008880615234,0.8268921971321106
207,207,211,211,-0.00039999998989515007,-0.0009523809421807528,350.0,2500.0,400.0,1050.0,right,right,-5.523839473724365,0.8631914258003235
208,208,212,212,-0.00039999998989515007,-0.0008333333535119891,450.0,2500.0,450.0,1200.0,right,right,-4.815003395080566,0.9543434381484985
209,209,213,213,-0.0010526315309107304,-0.00074074073927477,550.0,950.0,550.0,1350.0,right,right,-3.8047091960906982,1.189842700958252
210,210,214,214,-0.0012499999720603228,-0.0009090909152291715,500.0,800.0,550.0,1100.0,right,right,-4.465551853179932,1.0454963445663452
211,211,215,215,-0.0016666667070239782,-0.0011111111380159855,400.0,600.0,450.0,900.0,right,right,-2.8172590732574463,3.5923187732696533
212,212,216,216,-0.002222222276031971,-0.0015384615398943424,300.0,450.0,300.0,650.0,right,right,-2.398764133453369,0.6272632479667664
213,213,217,217,-0.0015384615398943424,-0.0007999999797903001,250.0,650.0,nan,1250.0,right,right,-1.9925527572631836,0.5909045338630676
214,214,218,218,-0.0010000000474974513,-0.00039999998989515007,nan,1000.0,nan,2500.0,right,right,-3.1068673133850098,0.6087316870689392
215,215,219,219,-0.00039999998989515007,-0.00039999998989515007,250.0,2500.0,300.0,2500.0,right,right,-3.5217432975769043,0.9544916749000549
216,216,220,220,-0.00039999998989515007,-0.00039999998989515007,250.0,2500.0,600.0,2500.0,right,right,-4.082192897796631,1.118509292602539
217,217,221,221,-0.00039999998989515007,-0.00039999998989515007,nan,2500.0,750.0,2500.0,right,right,-5.4478349685668945,2.045774221420288
218,218,222,222,0.0,-0.0005405405536293983,2500.0,2500.0,950.0,1850.0,straight_open,right,-6.388561248779297,1.827287197113037
219,219,223,223,0.0,-0.0006249999860301614,2500.0,2500.0,900.0,1600.0,straight_open,right,-6.116508483886719,1.7361150979995728
220,220,224,224,0.0,-0.0006666666595265269,2500.0,2500.0,850.0,1500.0,straight_open,right,-6.688233852386475,1.5548081398010254
221,221,225,225,-0.00074074073927477,-0.0007692307699471712,1000.0,1350.0,750.0,1300.0,right,right,-6.6166791915893555,1.4081083536148071
222,222,226,226,-0.0010526315309107304,-0.0008695652359165251,800.0,950.0,650.0,1150.0,right,right,-5.347632884979248,1.2445290088653564
223,223,227,227,-0.0013333333190530539,-0.0010526315309107304,550.0,750.0,550.0,950.0,right,right,-4.212746620178223,1.0456042289733887
224,224,228,228,-0.0016666667070239782,-0.0013333333190530539,400.0,600.0,450.0,750.0,right,right,-2.955944299697876,0.8456349968910217
225,225,229,229,-0.0012499999720603228,-0.0010000000474974513,350.0,800.0,350.0,1000.0,right,right,-2.8940653800964355,0.7541252970695496
226,226,230,230,-0.0010526315309107304,-0.0006666666595265269,250.0,950.0,250.0,1500.0,right,right,-3.0615248680114746,0.6814801692962646
227,227,231,231,-0.0005000000237487257,-0.0004878048785030842,250.0,2000.0,300.0,2050.0,right,right,-4.0225982666015625,0.6637262105941772
228,228,232,232,-0.00039999998989515007,-0.00039999998989515007,300.0,2500.0,350.0,2500.0,right,right,-4.620487689971924,0.8821858167648315
229,229,233,233,-0.00039999998989515007,-0.00039999998989515007,400.0,2500.0,500.0,2500.0,right,right,-4.891331672668457,0.7910009026527405
230,230,234,234,-0.00039999998989515007,-0.00039999998989515007,400.0,2500.0,850.0,2500.0,right,right,-3.36335825920105,0.3907632827758789
231,231,235,235,-0.00039999998989515007,-0.0006666666595265269,450.0,2500.0,500.0,1500.0,right,right,-4.150932788848877,1.0636227130889893
232,232,236,236,-0.00039999998989515007,-0.0007142857066355646,450.0,2500.0,550.0,1400.0,right,right,-3.4604103565216064,1.0267846584320068
233,233,237,237,-0.000606060610152781,-0.0007692307699471712,550.0,1650.0,600.0,1300.0,right,right,-4.190300941467285,1.1003234386444092
234,234,238,238,-0.0009523809421807528,-0.0008695652359165251,450.0,1050.0,500.0,1150.0,right,right,-4.619584083557129,1.1000398397445679
235,235,239,239,-0.0010000000474974513,-0.0010000000474974513,400.0,1000.0,450.0,1000.0,right,right,-5.92318058013916,0.8820028305053711
236,236,240,240,-0.0010000000474974513,-0.0010000000474974513,350.0,1000.0,400.0,1000.0,right,right,-5.108449935913086,0.8269351720809937
237,237,241,241,-0.0009523809421807528,-0.0007142857066355646,350.0,1050.0,350.0,1400.0,right,right,-5.492770195007324,0.8269781470298767
238,238,242,242,-0.0004444444493856281,-0.00045454545761458576,400.0,2250.0,350.0,2200.0,right,right,-5.047421455383301,0.7905892729759216
239,239,243,243,-0.00039999998989515007,-0.00039999998989515007,450.0,2500.0,450.0,2500.0,right,right,-5.080493927001953,0.9540964961051941
240,240,244,244,-0.00039999998989515007,-0.00039999998989515007,450.0,2500.0,550.0,2500.0,right,right,-5.724010467529297,1.1175293922424316
241,241,245,245,-0.00039999998989515007,-0.0005882352706976235,350.0,2500.0,550.0,1700.0,right,right,-5.99031925201416,1.1003234386444092
242,242,246,246,-0.00039999998989515007,-0.0006451613153330982,400.0,2500.0,550.0,1550.0,right,right,-5.771184921264648,1.1003234386444092
243,243,247,247,-0.00039999998989515007,-0.0007142857066355646,350.0,2500.0,550.0,1400.0,right,right,-5.142110824584961,1.1181634664535522
244,244,248,248,-0.00039999998989515007,-0.0008333333535119891,800.0,2500.0,500.0,1200.0,right,right,-5.656470775604248,1.027368187904358
245,245,249,249,-0.0009523809421807528,-0.0010000000474974513,600.0,1050.0,500.0,1000.0,right,right,-5.830207824707031,1.1902716159820557
246,246,250,250,-0.001176470541395247,-0.001176470541395247,500.0,850.0,500.0,850.0,right,right,-6.000805854797363,1.0094467401504517
247,247,251,251,-0.0014285714132711291,-0.0015384615398943424,450.0,700.0,400.0,650.0,right,right,-5.297265529632568,0.9000468254089355
248,248,252,252,-0.0016666667070239782,-0.0014285714132711291,350.0,600.0,400.0,700.0,right,right,-4.734492301940918,0.7730200290679932
249,249,253,253,-0.001176470541395247,-0.0010526315309107304,250.0,850.0,300.0,950.0,right,right,-4.399484634399414,0.6818369626998901
250,250,254,254,-0.0005882352706976235,-0.00039999998989515007,250.0,1700.0,250.0,2500.0,right,right,-4.293126106262207,0.699651300907135
251,251,255,255,-0.00039999998989515007,-0.00039999998989515007,300.0,2500.0,250.0,2500.0,right,right,-4.667597770690918,0.718422532081604
252,252,256,256,-0.00039999998989515007,-0.00039999998989515007,400.0,2500.0,450.0,2500.0,right,right,-5.7847089767456055,2.2085297107696533
253,253,257,257,-0.00039999998989515007,-0.00039999998989515007,400.0,2500.0,550.0,2500.0,right,right,-6.698955535888672,1.190700650215149
254,254,258,258,0.0,-0.00039999998989515007,2500.0,2500.0,800.0,2500.0,straight_open,right,-6.356631278991699,2.1544389724731445
255,255,259,259,0.0,-0.0005555555690079927,2500.0,2500.0,950.0,1800.0,straight_open,right,-6.317103385925293,1.9357815980911255
256,256,260,260,0.0,-0.0006249999860301614,2500.0,2500.0,950.0,1600.0,straight_open,right,-4.876378059387207,1.8085516691207886
257,257,261,261,0.0,-0.0006896551931276917,2500.0,2500.0,900.0,1450.0,straight_open,right,-4.370282173156738,1.5717846155166626
258,258,262,262,-0.00039999998989515007,-0.00074074073927477,950.0,2500.0,800.0,1350.0,right,right,-3.913072109222412,1.4447414875030518
259,259,263,263,-0.0011111111380159855,-0.0008695652359165251,750.0,900.0,650.0,1150.0,right,right,-3.687272548675537,1.2445290088653564
260,260,264,264,-0.0012499999720603228,-0.0010526315309107304,550.0,800.0,550.0,950.0,right,right,-3.1188859939575195,1.0446869134902954
261,261,265,265,-0.0015384615398943424,-0.0013333333190530539,450.0,650.0,500.0,750.0,right,right,-3.466740846633911,0.8456349968910217
262,262,266,266,-0.0014285714132711291,-0.0011111111380159855,300.0,700.0,350.0,900.0,right,right,-3.5746147632598877,0.7362625598907471
263,263,267,267,-0.0008333333535119891,-0.0006896551931276917,250.0,1200.0,250.0,1450.0,right,right,-3.9204182624816895,0.7001635432243347
264,264,268,268,-0.00039999998989515007,-0.0004878048785030842,250.0,2500.0,300.0,2050.0,right,right,-5.1598920822143555,0.6815872192382812
265,265,269,269,-0.00039999998989515007,-0.00039999998989515007,350.0,2500.0,350.0,2500.0,right,right,-5.313054084777832,0.8092671036720276
266,266,270,270,-0.00039999998989515007,-0.00039999998989515007,450.0,2500.0,600.0,2500.0,right,right,-5.429019451141357,1.1362851858139038
267,267,271,271,-0.00039999998989515007,-0.00039999998989515007,450.0,2500.0,650.0,2500.0,right,right,-5.903019905090332,1.7174098491668701
268,268,272,272,-0.00039999998989515007,-0.0005555555690079927,550.0,2500.0,750.0,1800.0,right,right,-5.871635437011719,1.3543678522109985
269,269,273,273,-0.00039999998989515007,-0.000606060610152781,950.0,2500.0,650.0,1650.0,right,right,-5.870682239532471,1.3172664642333984
270,270,274,274,-0.0004444444493856281,-0.0007142857066355646,750.0,2250.0,650.0,1400.0,right,right,-5.232410907745361,1.2088160514831543
271,271,275,275,-0.0008695652359165251,-0.0007999999797903001,600.0,1150.0,550.0,1250.0,right,right,-5.603593349456787,1.0629639625549316
272,272,276,276,-0.0009523809421807528,-0.0009523809421807528,450.0,1050.0,450.0,1050.0,right,right,-5.541398525238037,0.8819113969802856
273,273,277,277,-0.0010000000474974513,-0.0007142857066355646,350.0,1000.0,400.0,1400.0,right,right,-5.817601680755615,0.8271501660346985
274,274,278,278,-0.0006451613153330982,-0.0005555555690079927,350.0,1550.0,400.0,1800.0,right,right,-5.724172115325928,0.863818883895874
275,275,279,279,-0.00039999998989515007,-0.0004444444493856281,350.0,2500.0,400.0,2250.0,right,right,-6.890074253082275,0.972469687461853
276,276,280,280,-0.00039999998989515007,-0.0005555555690079927,350.0,2500.0,450.0,1800.0,right,right,-7.634376525878906,0.8635052442550659
277,277,281,281,-0.00039999998989515007,-0.0005882352706976235,350.0,2500.0,500.0,1700.0,right,right,-6.9160284996032715,1.0264132022857666
278,278,282,282,-0.00039999998989515007,-0.0006666666595265269,400.0,2500.0,550.0,1500.0,right,right,-6.415750026702881,1.2627613544464111
279,279,283,283,-0.00039999998989515007,-0.0007692307699471712,950.0,2500.0,550.0,1300.0,right,right,-5.7384772300720215,1.06329345703125
280,280,284,284,0.00043478261795826256,0.0006249999860301614,2300.0,550.0,1600.0,650.0,left,left,-2.230487108230591,0.9903892874717712
281,281,285,285,0.00039999998989515007,0.0006451613153330982,2500.0,400.0,1550.0,450.0,left,left,1.133849859237671,0.8999068140983582
282,282,286,286,-0.00039999998989515007,-0.0006451613153330982,1350.0,2500.0,1000.0,1550.0,right,right,0.7834766507148743,1.5550469160079956
283,283,287,287,-0.00039999998989515007,-0.00074074073927477,1000.0,2500.0,800.0,1350.0,right,right,0.1473349630832672,1.4447414875030518
284,284,288,288,-0.000606060610152781,-0.0008695652359165251,850.0,1650.0,650.0,1150.0,right,right,0.28859663009643555,1.2639952898025513
285,285,289,289,-0.0010526315309107304,-0.0010000000474974513,700.0,950.0,600.0,1000.0,right,right,-2.8746261596679688,1.0996429920196533
286,286,290,290,-0.0014285714132711291,-0.0013333333190530539,500.0,700.0,450.0,750.0,right,right,-4.766005039215088,0.9720169901847839
287,287,291,291,-0.0013333333190530539,-0.0011111111380159855,400.0,750.0,350.0,900.0,right,right,-4.20200777053833,0.7725370526313782
288,288,292,292,-0.0010000000474974513,-0.0007692307699471712,350.0,1000.0,300.0,1300.0,right,right,-4.12262487411499,0.6995415687561035
289,289,293,293,-0.00039999998989515007,-0.00039999998989515007,300.0,2500.0,250.0,2500.0,right,right,-4.720721244812012,0.6997977495193481
290,290,294,294,-0.00039999998989515007,-0.00039999998989515007,350.0,2500.0,300.0,2500.0,right,right,-4.866786003112793,0.7721346020698547
291,291,295,295,-0.00039999998989515007,-0.00039999998989515007,450.0,2500.0,600.0,2500.0,right,right,-5.340262413024902,1.2641252279281616
292,292,296,296,0.0,-0.00039999998989515007,2500.0,2500.0,850.0,2500.0,straight_open,right,-5.7741923332214355,2.244997262954712
293,293,297,297,0.0,-0.0005263157654553652,2500.0,2500.0,1000.0,1900.0,straight_open,right,-5.8414998054504395,2.027590274810791
294,294,298,298,0.0,-0.0005882352706976235,2500.0,2500.0,1000.0,1700.0,straight_open,right,-6.064003944396973,1.8447147607803345
295,295,299,299,0.0,-0.0006451613153330982,2500.0,2500.0,950.0,1550.0,straight_open,right,-5.568037986755371,1.6994107961654663
296,296,300,300,0.00039999998989515007,0.0006249999860301614,2500.0,650.0,1600.0,700.0,left,left,-3.3095829486846924,0.990952730178833
297,297,301,301,0.00039999998989515007,0.00074074073927477,2500.0,450.0,1350.0,450.0,left,left,-0.8316144943237305,0.8817742466926575
298,298,302,302,0.00039999998989515007,0.0007999999797903001,2500.0,450.0,1250.0,400.0,left,left,2.078784942626953,0.991106390953064
299,299,303,303,0.0010000000474974513,0.0009090909152291715,1000.0,400.0,1100.0,400.0,left,left,4.351391792297363,0.9543928503990173
300,300,304,304,0.0012499999720603228,0.0010000000474974513,800.0,400.0,1000.0,450.0,left,left,5.331634998321533,1.1366950273513794
301,301,305,305,0.0016666667070239782,0.0014285714132711291,600.0,400.0,700.0,450.0,left,left,5.489945411682129,0.9002801179885864
302,302,306,306,0.0020000000949949026,0.0015384615398943424,500.0,350.0,650.0,350.0,left,left,4.258080005645752,0.80876225233078
303,303,307,307,0.001818181830458343,0.0012499999720603228,550.0,300.0,800.0,300.0,left,left,3.1235082149505615,0.6998708844184875
304,304,308,308,0.0015384615398943424,0.0010526315309107304,650.0,nan,950.0,250.0,left,left,3.3639283180236816,0.6453410387039185
305,305,309,309,0.0008333333535119891,0.0006666666595265269,1200.0,nan,1500.0,nan,left,left,4.3993754386901855,0.6995415687561035
306,306,310,310,0.00039999998989515007,0.0004761904710903764,2500.0,nan,2100.0,250.0,left,left,4.360699653625488,0.6814444661140442
307,307,311,311,0.00039999998989515007,0.00039999998989515007,2500.0,nan,2500.0,300.0,left,left,5.92714786529541,0.9727213382720947
308,308,312,312,0.00039999998989515007,0.00039999998989515007,2500.0,300.0,2500.0,450.0,left,left,6.3784918785095215,1.2630860805511475
309,309,313,313,0.00039999998989515007,0.0005714285653084517,2500.0,300.0,1750.0,450.0,left,left,7.137198448181152,1.1540483236312866
310,310,314,314,0.00039999998989515007,0.0006666666595265269,2500.0,350.0,1500.0,400.0,left,left,6.791060447692871,0.4273131787776947
311,311,315,315,0.00039999998989515007,0.0005128204938955605,2500.0,450.0,1950.0,550.0,left,left,5.826297760009766,0.9908503890037537
312,312,316,316,0.00039999998989515007,0.0005405405536293983,2500.0,500.0,1850.0,600.0,left,left,5.497626304626465,1.5910133123397827
313,313,317,317,0.00039999998989515007,0.0006666666595265269,2500.0,400.0,1500.0,600.0,left,left,5.926175117492676,1.2454253435134888
314,314,318,318,0.0010526315309107304,0.0009090909152291715,950.0,400.0,1100.0,600.0,left,left,5.138420104980469,1.2094380855560303
315,315,319,319,0.0013333333190530539,0.001176470541395247,750.0,300.0,850.0,550.0,left,left,4.7999162673950195,1.0633481740951538
316,316,320,320,0.0016666667070239782,0.0014285714132711291,600.0,250.0,700.0,450.0,left,left,4.048892498016357,0.8816827535629272
317,317,321,321,0.0024999999441206455,0.0020000000949949026,400.0,450.0,500.0,450.0,left,left,2.4279024600982666,0.7365313768386841
318,318,322,322,-0.0024999999441206455,-0.002222222276031971,250.0,400.0,300.0,450.0,right,right,1.1965808868408203,0.6269338726997375
319,319,323,323,0.004000000189989805,0.0028571428265422583,250.0,250.0,350.0,300.0,left,left,0.6184130907058716,0.5365082025527954
320,320,324,324,0.004000000189989805,0.002222222276031971,250.0,nan,450.0,250.0,left,left,0.4876466691493988,0.4271073639392853
321,321,325,325,0.0,0.0024999999441206455,nan,nan,400.0,nan,straight,left,1.0604026317596436,0.3728125989437103
322,322,326,326,0.0,0.0009090909152291715,nan,nan,1100.0,nan,straight,left,1.9370540380477905,0.37271198630332947
323,323,327,327,0.0,0.00039999998989515007,nan,nan,2500.0,nan,straight,left,3.7023727893829346,0.4092426598072052
324,324,328,328,0.0,0.00039999998989515007,nan,nan,2500.0,nan,straight,left,5.040017604827881,1.4267890453338623
325,325,329,329,0.00039999998989515007,0.00039999998989515007,2500.0,nan,2500.0,250.0,left,left,6.146795749664307,0.8093513250350952
326,326,330,330,0.00039999998989515007,0.00039999998989515007,2500.0,nan,2500.0,550.0,left,left,6.193364143371582,1.4639636278152466
327,327,331,331,0.00039999998989515007,0.0005714285653084517,2500.0,450.0,1750.0,600.0,left,left,6.306788444519043,0.8271930813789368
328,328,332,332,0.00039999998989515007,0.00039999998989515007,2500.0,550.0,2500.0,900.0,left,left,5.728052616119385,2.026556968688965
329,329,333,333,0.00039999998989515007,0.0006249999860301614,2500.0,600.0,1600.0,850.0,left,left,4.772965908050537,1.86355459690094
330,330,334,334,0.00039999998989515007,0.0007999999797903001,2500.0,650.0,1250.0,800.0,left,left,3.9859821796417236,0.6269009709358215
331,331,335,335,0.00039999998989515007,0.0005405405536293983,2500.0,650.0,1850.0,950.0,left,left,3.514803647994995,1.6457278728485107
332,332,336,336,0.0008333333535119891,0.0007692307699471712,1200.0,600.0,1300.0,850.0,left,left,1.571838617324829,0.4817003309726715
333,333,337,337,0.0014285714132711291,0.001176470541395247,700.0,500.0,850.0,900.0,left,left,0.11174224317073822,1.3171311616897583
334,334,338,338,-0.001176470541395247,0.0014285714132711291,600.0,850.0,700.0,800.0,right,left,-1.003517508506775,1.1177024841308594
335,335,339,339,-0.0014285714132711291,-0.0015384615398943424,400.0,700.0,500.0,650.0,right,right,-2.2575597763061523,0.9000468254089355
336,336,340,340,-0.0016666667070239782,-0.0016666667070239782,300.0,600.0,350.0,600.0,right,right,-2.8513762950897217,0.7722955346107483
337,337,341,341,-0.002222222276031971,-0.0014285714132711291,300.0,450.0,300.0,700.0,right,right,-1.3185930252075195,0.6270655989646912
338,338,342,342,-0.0033333334140479565,-0.0024999999441206455,250.0,300.0,250.0,400.0,right,right,-1.0664432048797607,0.6457810997962952
339,339,343,343,0.004000000189989805,-0.004000000189989805,250.0,nan,250.0,250.0,left,right,-0.7000976800918579,0.5180773138999939
340,340,344,344,0.0,0.0,nan,nan,nan,nan,straight,straight,-0.23809996247291565,0.46342670917510986
341,341,345,345,0.0,-0.004000000189989805,nan,nan,nan,250.0,straight,right,0.01907377317547798,0.3548033833503723
342,342,346,346,0.0,-0.0028571428265422583,nan,nan,nan,350.0,straight,right,-1.1173349618911743,0.29990309476852417
343,343,347,347,0.0,-0.0010000000474974513,nan,nan,nan,1000.0,straight,right,-1.9796078205108643,0.3361557126045227
344,344,348,348,0.0,-0.0004878048785030842,nan,nan,nan,2050.0,straight,right,-2.8269283771514893,0.48164910078048706
345,345,349,349,-0.00039999998989515007,-0.00039999998989515007,nan,2500.0,300.0,2500.0,right,right,-4.021210670471191,0.7721346020698547
346,346,350,350,-0.00039999998989515007,-0.00039999998989515007,300.0,2500.0,650.0,2500.0,right,right,-3.1353673934936523,0.5729666352272034
347,347,351,351,-0.00039999998989515007,-0.00039999998989515007,250.0,2500.0,400.0,2500.0,right,right,-2.7156684398651123,0.6814801692962646
348,348,352,352,-0.00039999998989515007,-0.00039999998989515007,350.0,2500.0,650.0,2500.0,right,right,-2.5193424224853516,1.154761791229248
349,349,353,353,-0.00039999998989515007,-0.00039999998989515007,550.0,2500.0,650.0,2500.0,right,right,-2.8757872581481934,2.0081770420074463
350,350,354,354,-0.00039999998989515007,-0.00039999998989515007,550.0,2500.0,700.0,2500.0,right,right,-2.8449325561523438,1.280995488166809
351,351,355,355,0.0,-0.00039999998989515007,2500.0,2500.0,700.0,2500.0,straight_open,right,-4.2914862632751465,1.318484902381897
352,352,356,356,0.0,-0.00039999998989515007,2500.0,2500.0,750.0,2500.0,straight_open,right,-5.574357032775879,1.9367694854736328
353,353,357,357,0.0,-0.00039999998989515007,2500.0,2500.0,750.0,2500.0,straight_open,right,-4.289227485656738,0.44565990567207336
354,354,358,358,-0.00039999998989515007,-0.0007999999797903001,950.0,2500.0,800.0,1250.0,right,right,-4.838301181793213,1.1900266408920288
355,355,359,359,-0.00039999998989515007,-0.0008695652359165251,700.0,2500.0,650.0,1150.0,right,right,-5.188175201416016,1.0269438028335571
356,356,360,360,-0.0010000000474974513,-0.0009523809421807528,500.0,1000.0,500.0,1050.0,right,right,-6.0235276222229,0.9539976119995117
357,357,361,361,-0.0007999999797903001,-0.0008695652359165251,450.0,1250.0,450.0,1150.0,right,right,-5.96392297744751,0.900000274181366
358,358,362,362,0.00039999998989515007,0.00039999998989515007,2500.0,800.0,2500.0,1150.0,left,left,-5.712912559509277,0.9545410871505737
359,359,363,363,0.00039999998989515007,0.0005714285653084517,2500.0,550.0,1750.0,700.0,left,left,-3.519653797149658,0.9913626313209534
360,360,364,364,0.00039999998989515007,0.0006451613153330982,2500.0,500.0,1550.0,650.0,left,left,-0.8797272443771362,1.335297703742981
361,361,365,365,0.00039999998989515007,0.0008333333535119891,2500.0,450.0,1200.0,600.0,left,left,2.644026279449463,1.2988977432250977
362,362,366,366,0.00046511628897860646,0.0010526315309107304,2150.0,400.0,950.0,550.0,left,left,4.844457149505615,1.154464602470398
363,363,367,367,0.0010000000474974513,0.0012499999720603228,1000.0,300.0,800.0,500.0,left,left,4.342860698699951,0.7178974747657776
364,364,368,368,0.0010526315309107304,0.001176470541395247,950.0,300.0,850.0,450.0,left,left,5.271430015563965,0.9543928503990173
365,365,369,369,0.0013333333190530539,0.0012499999720603228,750.0,350.0,800.0,400.0,left,left,5.614960670471191,0.9177047610282898
366,366,370,370,0.0013333333190530539,0.0013333333190530539,750.0,350.0,750.0,450.0,left,left,4.6113457679748535,0.8454594612121582
367,367,371,371,0.001818181830458343,0.0015384615398943424,550.0,300.0,650.0,350.0,left,left,4.675119400024414,0.8089726567268372
368,368,372,372,0.0020000000949949026,0.0014285714132711291,500.0,300.0,700.0,300.0,left,left,4.50341796875,0.7182349562644958
369,369,373,373,0.0015384615398943424,0.0010526315309107304,650.0,250.0,950.0,250.0,left,left,4.11433744430542,0.6457133293151855
370,370,374,374,0.0011111111380159855,0.0005263157654553652,900.0,nan,1900.0,nan,left,left,3.2272491455078125,0.6272961497306824
371,371,375,375,0.00039999998989515007,0.00039999998989515007,2500.0,nan,2500.0,250.0,left,left,1.6411069631576538,0.4090670645236969
372,372,376,376,-0.0010000000474974513,-0.0009523809421807528,500.0,1000.0,450.0,1050.0,right,right,0.0017272948753088713,0.7549120783805847
373,373,377,377,-0.0009090909152291715,-0.0008333333535119891,350.0,1100.0,350.0,1200.0,right,right,-1.863140344619751,0.7910420894622803
374,374,378,378,-0.0007142857066355646,-0.0006666666595265269,350.0,1400.0,450.0,1500.0,right,right,-1.794393539428711,0.39082643389701843
375,375,379,379,-0.0014285714132711291,-0.001176470541395247,300.0,700.0,350.0,850.0,right,right,-1.9001319408416748,0.5728458762168884
376,376,380,380,-0.0024999999441206455,-0.002222222276031971,250.0,400.0,250.0,450.0,right,right,-1.692013144493103,0.5728760361671448
377,377,381,381,-0.002222222276031971,-0.0015384615398943424,nan,450.0,250.0,650.0,right,right,0.008394718170166016,0.35466891527175903
378,378,382,382,-0.004000000189989805,-0.0028571428265422583,nan,250.0,250.0,350.0,right,right,1.4850685596466064,0.4636242985725403
379,379,383,383,0.0,-0.0028571428265422583,nan,nan,nan,350.0,straight,right,0.3746856153011322,0.3544384241104126
380,380,384,384,0.0,-0.0012499999720603228,nan,nan,nan,800.0,straight,right,-0.6294490694999695,0.35472655296325684
381,381,385,385,-0.0016666667070239782,-0.00039999998989515007,nan,600.0,nan,2500.0,right,right,-1.1776994466781616,0.48198202252388
382,382,386,386,-0.00039999998989515007,-0.00039999998989515007,nan,2500.0,300.0,2500.0,right,right,-2.9398891925811768,0.5723628997802734
383,383,387,387,-0.00039999998989515007,-0.00039999998989515007,300.0,2500.0,700.0,2500.0,right,right,-3.3769659996032715,0.7542433738708496
384,384,388,388,0.0,-0.00039999998989515007,2500.0,2500.0,1450.0,2500.0,straight_open,right,-3.5471274852752686,3.0985543727874756
385,385,389,389,0.0,-0.00039999998989515007,2500.0,2500.0,1550.0,2500.0,straight_open,right,-3.4401957988739014,2.879307985305786
386,386,390,390,0.0,-0.00039999998989515007,2500.0,2500.0,1550.0,2500.0,straight_open,right,-2.0344791412353516,1.9354853630065918
387,387,391,391,0.0,-0.00039999998989515007,2500.0,2500.0,1450.0,2500.0,straight_open,right,-0.5373901724815369,2.2261393070220947
388,388,392,392,-0.0015384615398943424,0.0015384615398943424,650.0,650.0,650.0,650.0,right,left,-0.07069748640060425,1.0084561109542847
389,389,393,393,0.002222222276031971,0.002222222276031971,450.0,450.0,450.0,500.0,left,left,0.06567443907260895,0.8086780309677124
390,390,394,394,0.0033333334140479565,-0.0020000000949949026,300.0,400.0,350.0,500.0,left,right,0.6462302803993225,0.6820866465568542
391,391,395,395,-0.0024999999441206455,-0.0016666667070239782,nan,400.0,250.0,600.0,right,right,-0.11530554294586182,0.5909667015075684
392,392,396,396,-0.001818181830458343,-0.0010000000474974513,nan,550.0,nan,1000.0,right,right,-1.7053838968276978,0.518132209777832
393,393,397,397,-0.0006451613153330982,-0.00039999998989515007,nan,1550.0,nan,2500.0,right,right,-2.885033369064331,0.572936475276947
394,394,398,398,-0.00039999998989515007,-0.00039999998989515007,nan,2500.0,250.0,2500.0,right,right,-4.055696487426758,0.5723628997802734
395,395,399,399,-0.00039999998989515007,-0.00039999998989515007,nan,2500.0,550.0,2500.0,right,right,-5.291314601898193,1.2265506982803345
396,396,400,400,0.0,-0.00039999998989515007,2500.0,2500.0,850.0,2500.0,straight_open,right,-6.422890663146973,2.0095088481903076
397,397,401,401,0.0,-0.00039999998989515007,2500.0,2500.0,900.0,2500.0,straight_open,right,-6.4069719314575195,1.5721067190170288
398,398,402,402,0.0,-0.00039999998989515007,2500.0,2500.0,900.0,2500.0,straight_open,right,-7.004430294036865,1.7360265254974365
399,399,403,403,0.0,-0.0005128204938955605,2500.0,2500.0,850.0,1950.0,straight_open,right,-7.098067283630371,1.5542511940002441
400,400,404,404,-0.00039999998989515007,-0.0005714285653084517,1050.0,2500.0,750.0,1750.0,right,right,-7.581933498382568,1.4448156356811523
401,401,405,405,-0.00039999998989515007,-0.0006451613153330982,850.0,2500.0,700.0,1550.0,right,right,-7.36624813079834,1.355202078819275
402,402,406,406,-0.0007142857066355646,-0.0008695652359165251,800.0,1400.0,650.0,1150.0,right,right,-5.714919090270996,0.5726043581962585
403,403,407,407,-0.0011111111380159855,-0.001176470541395247,600.0,900.0,650.0,850.0,right,right,-4.952987194061279,1.0458741188049316
404,404,408,408,-0.0014285714132711291,-0.0014285714132711291,450.0,700.0,450.0,700.0,right,right,-4.129193305969238,0.8819571733474731
405,405,409,409,-0.0014285714132711291,-0.0012499999720603228,350.0,700.0,350.0,800.0,right,right,-2.905587911605835,0.7366466522216797
406,406,410,410,-0.0010526315309107304,-0.0008333333535119891,250.0,950.0,300.0,1200.0,right,right,-2.4284567832946777,0.7180474996566772
407,407,411,411,-0.0006451613153330982,-0.0005714285653084517,250.0,1550.0,300.0,1750.0,right,right,-4.089867115020752,0.7540467381477356
408,408,412,412,-0.00039999998989515007,-0.0005555555690079927,300.0,2500.0,300.0,1800.0,right,right,-4.253918647766113,0.7365313768386841
409,409,413,413,-0.00039999998989515007,-0.0005555555690079927,350.0,2500.0,450.0,1800.0,right,right,-4.308072090148926,0.7541252970695496
410,410,414,414,-0.00039999998989515007,-0.00039999998989515007,500.0,2500.0,750.0,2500.0,right,right,-4.525025844573975,1.7730152606964111
411,411,415,415,0.0,-0.0004878048785030842,2500.0,2500.0,800.0,2050.0,straight_open,right,-3.815335512161255,1.6805481910705566
412,412,416,416,-0.00039999998989515007,-0.0005405405536293983,1050.0,2500.0,800.0,1850.0,right,right,-3.040172815322876,1.4820724725723267
413,413,417,417,-0.00045454545761458576,-0.0006249999860301614,800.0,2200.0,750.0,1600.0,right,right,-2.527810573577881,1.2451692819595337
414,414,418,418,-0.0007142857066355646,-0.0006896551931276917,600.0,1400.0,600.0,1450.0,right,right,-2.766371965408325,1.0631287097930908
415,415,419,419,-0.001176470541395247,-0.00074074073927477,400.0,850.0,450.0,1350.0,right,right,-1.0312949419021606,0.49982205033302307
416,416,420,420,-0.002222222276031971,-0.001818181830458343,550.0,450.0,500.0,550.0,right,right,0.026916885748505592,0.5181871056556702
417,417,421,421,0.0016666667070239782,0.0016666667070239782,600.0,350.0,600.0,350.0,left,left,0.8123672604560852,0.6633785963058472
418,418,422,422,0.0015384615398943424,0.0016666667070239782,650.0,nan,600.0,250.0,left,left,2.2724609375,0.5911532640457153
419,419,423,423,0.001818181830458343,0.0016666667070239782,550.0,250.0,600.0,nan,left,left,3.785346269607544,0.5906557440757751
420,420,424,424,0.0014285714132711291,0.0014285714132711291,700.0,nan,700.0,nan,left,left,4.614437103271484,0.627460777759552
421,421,425,425,0.0014285714132711291,0.0012499999720603228,700.0,nan,800.0,250.0,left,left,4.995126247406006,0.5365365743637085
422,422,426,426,0.001176470541395247,0.0009090909152291715,850.0,250.0,1100.0,250.0,left,left,5.350296974182129,0.7001270055770874
423,423,427,427,0.0007142857066355646,0.0005882352706976235,1400.0,300.0,1700.0,300.0,left,left,6.332076072692871,0.7726175785064697
424,424,428,428,0.00039999998989515007,0.00039999998989515007,2500.0,300.0,2500.0,300.0,left,left,7.4574174880981445,0.7725370526313782
425,425,429,429,0.00039999998989515007,0.00039999998989515007,2500.0,350.0,2500.0,400.0,left,left,6.749782562255859,0.7903834581375122
426,426,430,430,0.00039999998989515007,0.00039999998989515007,2500.0,450.0,2500.0,600.0,left,left,7.043623447418213,1.6093599796295166
427,427,431,431,0.00039999998989515007,0.00039999998989515007,2500.0,450.0,2500.0,600.0,left,left,6.6138916015625,0.5001668930053711
428,428,432,432,0.00039999998989515007,0.00039999998989515007,2500.0,650.0,2500.0,850.0,left,left,5.617458820343018,1.9916287660598755
429,429,433,433,0.00039999998989515007,0.00039999998989515007,2500.0,600.0,2500.0,850.0,left,left,5.059370040893555,2.190687894821167
430,430,434,434,0.00039999998989515007,0.0006451613153330982,2500.0,500.0,1550.0,800.0,left,left,5.623650550842285,1.881734848022461
431,431,435,435,0.00039999998989515007,0.00074074073927477,2500.0,600.0,1350.0,800.0,left,left,5.922678470611572,1.5915018320083618
432,432,436,436,0.00039999998989515007,0.0009090909152291715,2500.0,850.0,1100.0,950.0,left,left,6.355842113494873,1.4995648860931396
433,433,437,437,0.0010526315309107304,0.0011111111380159855,950.0,750.0,900.0,800.0,left,left,6.5730743408203125,1.2636057138442993
434,434,438,438,0.0014285714132711291,0.0013333333190530539,700.0,650.0,750.0,700.0,left,left,5.358091831207275,1.1548807621002197
435,435,439,439,0.001818181830458343,0.0016666667070239782,550.0,600.0,600.0,600.0,left,left,4.817945957183838,0.4091767966747284
436,436,440,440,0.0015384615398943424,0.0013333333190530539,650.0,450.0,750.0,450.0,left,left,3.582981824874878,0.8447569012641907
437,437,441,441,0.0016666667070239782,0.001176470541395247,600.0,300.0,850.0,400.0,left,left,3.1645545959472656,0.7179725170135498
438,438,442,442,0.0013333333190530539,0.0009090909152291715,750.0,250.0,1100.0,350.0,left,left,3.452549695968628,0.6452394723892212
439,439,443,443,0.0010000000474974513,0.000606060610152781,1000.0,nan,1650.0,250.0,left,left,4.170783519744873,0.6814088225364685
440,440,444,444,0.0004878048785030842,0.0004444444493856281,2050.0,nan,2250.0,300.0,left,left,4.9276909828186035,0.6818013191223145
441,441,445,445,0.00039999998989515007,0.00039999998989515007,2500.0,nan,2500.0,350.0,left,left,5.301608085632324,0.7179725170135498
442,442,446,446,0.00039999998989515007,0.00039999998989515007,2500.0,350.0,2500.0,550.0,left,left,5.713043212890625,1.4630634784698486
443,443,447,447,0.00039999998989515007,0.0006249999860301614,2500.0,350.0,1600.0,550.0,left,left,5.420260906219482,1.3180787563323975
444,444,448,448,0.00039999998989515007,0.0007692307699471712,2500.0,400.0,1300.0,550.0,left,left,6.458550930023193,1.353394627571106
445,445,449,449,0.00039999998989515007,0.0008333333535119891,2500.0,350.0,1200.0,550.0,left,left,5.906666278839111,1.0088211297988892
446,446,450,450,0.0005000000237487257,0.0010000000474974513,2000.0,500.0,1000.0,650.0,left,left,6.578713893890381,0.9903892874717712
447,447,451,451,0.0009523809421807528,0.0010526315309107304,1050.0,350.0,950.0,500.0,left,left,7.589107513427734,0.9730231761932373
448,448,452,452,0.001176470541395247,0.0012499999720603228,850.0,300.0,800.0,400.0,left,left,8.067940711975098,0.8995803594589233
449,449,453,453,0.0013333333190530539,0.0012499999720603228,750.0,300.0,800.0,400.0,left,left,8.094391822814941,0.8638637661933899
450,450,454,454,0.0014285714132711291,0.0012499999720603228,700.0,350.0,800.0,400.0,left,left,7.5103631019592285,0.8453715443611145
451,451,455,455,0.0015384615398943424,0.0013333333190530539,650.0,300.0,750.0,350.0,left,left,6.313156604766846,0.8268491625785828
452,452,456,456,0.0014285714132711291,0.001176470541395247,700.0,300.0,850.0,350.0,left,left,5.053553581237793,0.7178599834442139
453,453,457,457,-0.00039999998989515007,-0.0005128204938955605,700.0,2500.0,900.0,1950.0,right,right,2.2679245471954346,0.8994869589805603
454,454,458,458,-0.00039999998989515007,-0.00039999998989515007,500.0,2500.0,600.0,2500.0,right,right,-1.1431517601013184,1.1902716159820557
455,455,459,459,0.0020000000949949026,0.001818181830458343,500.0,550.0,550.0,450.0,left,left,-1.2994195222854614,0.8088884353637695
456,456,460,460,0.0016666667070239782,0.0014285714132711291,600.0,300.0,700.0,300.0,left,left,-1.5532824993133545,0.6637262105941772
457,457,461,461,0.0012499999720603228,0.00074074073927477,800.0,nan,1350.0,250.0,left,left,-1.561169981956482,0.6269009709358215
458,458,462,462,0.0006896551931276917,0.00039999998989515007,1450.0,nan,2500.0,nan,left,left,1.5352131128311157,0.645747184753418
459,459,463,463,0.00039999998989515007,0.00039999998989515007,2500.0,nan,2500.0,300.0,left,left,2.9662933349609375,0.31800562143325806
460,460,464,464,0.0013333333190530539,0.0006451613153330982,750.0,nan,1550.0,nan,left,left,4.184335708618164,0.6450702548027039
461,461,465,465,0.0005714285653084517,0.00039999998989515007,1750.0,nan,2500.0,250.0,left,left,5.3700947761535645,0.7000172734260559
462,462,466,466,0.00039999998989515007,0.00039999998989515007,2500.0,300.0,2500.0,400.0,left,left,5.32962703704834,0.7179349660873413
463,463,467,467,0.00039999998989515007,0.00039999998989515007,2500.0,400.0,2500.0,1100.0,left,left,5.63441276550293,2.172065496444702
464,464,468,468,0.0,0.00039999998989515007,2500.0,2500.0,2500.0,1050.0,straight_open,left,6.517899990081787,0.6635870933532715
465,465,469,469,0.0,0.00039999998989515007,2500.0,2500.0,2500.0,1100.0,straight_open,left,6.485818386077881,2.0818238258361816
466,466,470,470,0.0,0.00039999998989515007,2500.0,2500.0,2500.0,1050.0,straight_open,left,6.956256866455078,1.86355459690094
467,467,471,471,0.0,0.0006896551931276917,2500.0,2500.0,1450.0,950.0,straight_open,left,8.207438468933105,1.736470103263855
468,468,472,472,0.00039999998989515007,0.0007999999797903001,2500.0,600.0,1250.0,900.0,left,left,6.719625949859619,0.5183792114257812
469,469,473,473,0.00039999998989515007,0.000606060610152781,2500.0,550.0,1650.0,850.0,left,left,6.792527198791504,1.5542511940002441
470,470,474,474,0.00039999998989515007,0.0007692307699471712,2500.0,550.0,1300.0,800.0,left,left,5.470890522003174,1.4460010528564453
471,471,475,475,0.0010000000474974513,0.0010000000474974513,1000.0,700.0,1000.0,700.0,left,left,3.8628201484680176,1.2639952898025513
472,472,476,476,0.0013333333190530539,0.0012499999720603228,750.0,550.0,800.0,600.0,left,left,2.376547336578369,1.0819703340530396
473,473,477,477,0.0015384615398943424,0.0015384615398943424,650.0,450.0,650.0,450.0,left,left,2.0650808811187744,0.8448447585105896
474,474,478,478,0.0015384615398943424,0.0014285714132711291,650.0,300.0,700.0,350.0,left,left,2.1967639923095703,0.718084990978241
475,475,479,479,0.0012499999720603228,0.0012499999720603228,800.0,250.0,800.0,300.0,left,left,3.4364562034606934,0.6634481549263
476,476,480,480,0.0014285714132711291,0.0010000000474974513,700.0,250.0,1000.0,300.0,left,left,4.3874711990356445,0.6820510029792786
477,477,481,481,0.001176470541395247,0.0010000000474974513,850.0,250.0,1000.0,300.0,left,left,5.882336616516113,0.7359551191329956
478,478,482,482,0.0011111111380159855,0.0007692307699471712,900.0,250.0,1300.0,350.0,left,left,6.938894748687744,0.7909185886383057
479,479,483,483,0.0008695652359165251,0.0005882352706976235,1150.0,250.0,1700.0,400.0,left,left,7.932794094085693,0.8271501660346985
480,480,484,484,0.00039999998989515007,0.00039999998989515007,2500.0,250.0,2500.0,400.0,left,left,8.208440780639648,0.8265912532806396
481,481,485,485,0.00039999998989515007,0.00039999998989515007,2500.0,300.0,2500.0,450.0,left,left,8.135512351989746,0.8814540505409241
482,482,486,486,0.00039999998989515007,0.00039999998989515007,2500.0,300.0,2500.0,500.0,left,left,8.002752304077148,0.9539976119995117
483,483,487,487,0.00039999998989515007,0.00039999998989515007,2500.0,400.0,2500.0,450.0,left,left,7.800032138824463,0.9003267288208008
484,484,488,488,0.00039999998989515007,0.0005128204938955605,2500.0,450.0,1950.0,600.0,left,left,6.820586204528809,1.536781668663025
485,485,489,489,0.00039999998989515007,0.0006451613153330982,2500.0,400.0,1550.0,600.0,left,left,6.35944128036499,1.3355718851089478
486,486,490,490,0.00039999998989515007,0.0007692307699471712,2500.0,350.0,1300.0,550.0,left,left,7.019704341888428,1.3178757429122925
487,487,491,491,0.00039999998989515007,0.0009523809421807528,2500.0,300.0,1050.0,550.0,left,left,6.5845136642456055,1.063677430152893
488,488,492,492,0.0009090909152291715,0.0010526315309107304,1100.0,400.0,950.0,600.0,left,left,6.996264457702637,1.0094467401504517
489,489,493,493,0.0012499999720603228,0.001176470541395247,800.0,350.0,850.0,450.0,left,left,6.569056510925293,0.8630121946334839
490,490,494,494,0.0012499999720603228,0.0011111111380159855,800.0,300.0,900.0,350.0,left,left,5.9354248046875,0.44539833068847656
491,491,495,495,0.0013333333190530539,0.0010526315309107304,750.0,250.0,950.0,350.0,left,left,5.400148868560791,0.9361183047294617
492,492,496,496,0.0013333333190530539,0.0012499999720603228,750.0,nan,800.0,350.0,left,left,4.972311019897461,0.7904657125473022
493,493,497,497,0.0013333333190530539,0.001176470541395247,750.0,nan,850.0,300.0,left,left,3.1633944511413574,0.40915483236312866
494,494,498,498,0.002222222276031971,0.002222222276031971,450.0,nan,450.0,300.0,left,left,3.2772319316864014,0.6635176539421082
495,495,499,499,0.002222222276031971,0.001818181830458343,450.0,250.0,550.0,250.0,left,left,2.970519542694092,0.6451718211174011
